{"textures":{"2":"modelengine:entity/fallen_knight_felled"},"elements":[{"from":[7.714286,4.8571424,6.857143],"to":[8.285714,5.428571,9.142858],"rotation":{"angle":0.0,"axis":"y","origin":[10.428572,-6.000001,8.0]},"faces":{"east":{"uv":[5.125,10.875,4.625,11.0],"rotation":0,"texture":"#2","tintindex":0},"south":{"uv":[0.125,12.875,0.0,13.0],"rotation":0,"texture":"#2","tintindex":0},"north":{"uv":[12.875,12.625,12.75,12.75],"rotation":0,"texture":"#2","tintindex":0},"west":{"uv":[11.375,4.125,10.875,4.25],"rotation":0,"texture":"#2","tintindex":0},"up":{"uv":[9.75,11.25,9.875,10.75],"rotation":0,"texture":"#2","tintindex":0},"down":{"uv":[0.625,10.875,0.75,11.375],"rotation":0,"texture":"#2","tintindex":0}}},{"from":[6.0,4.8571424,6.857143],"to":[6.571429,5.428571,9.142858],"rotation":{"angle":0.0,"axis":"y","origin":[9.028572,-6.000001,8.0]},"faces":{"east":{"uv":[11.375,6.0,10.875,6.125],"rotation":0,"texture":"#2","tintindex":0},"south":{"uv":[13.0,0.25,12.875,0.375],"rotation":0,"texture":"#2","tintindex":0},"north":{"uv":[0.375,12.875,0.25,13.0],"rotation":0,"texture":"#2","tintindex":0},"west":{"uv":[11.375,5.75,10.875,5.875],"rotation":0,"texture":"#2","tintindex":0},"up":{"uv":[3.625,11.375,3.75,10.875],"rotation":0,"texture":"#2","tintindex":0},"down":{"uv":[3.875,10.875,4.0,11.375],"rotation":0,"texture":"#2","tintindex":0}}},{"from":[6.5714283,7.714286,6.857143],"to":[8.285714,8.285714,9.142858],"rotation":{"angle":0.0,"axis":"y","origin":[10.571428,-5.4285717,8.0]},"faces":{"east":{"uv":[11.375,7.5,10.875,7.625],"rotation":0,"texture":"#2","tintindex":0},"south":{"uv":[12.0,6.75,11.625,6.875],"rotation":0,"texture":"#2","tintindex":0},"north":{"uv":[12.0,4.375,11.625,4.5],"rotation":0,"texture":"#2","tintindex":0},"west":{"uv":[6.625,10.875,6.125,11.0],"rotation":0,"texture":"#2","tintindex":0},"up":{"uv":[8.625,6.375,9.0,5.875],"rotation":0,"texture":"#2","tintindex":0},"down":{"uv":[6.25,8.625,6.625,9.125],"rotation":0,"texture":"#2","tintindex":0}}},{"from":[5.942857,7.0857143,6.8],"to":[8.342857,8.342857,9.2],"rotation":{"angle":-22.5,"axis":"z","origin":[7.142857,7.714286,8.0]},"faces":{"east":{"uv":[7.125,9.5,6.625,9.75],"rotation":0,"texture":"#2","tintindex":0},"south":{"uv":[4.5,9.5,4.0,9.75],"rotation":0,"texture":"#2","tintindex":0},"north":{"uv":[10.0,1.0,9.5,1.25],"rotation":0,"texture":"#2","tintindex":0},"west":{"uv":[10.0,1.375,9.5,1.625],"rotation":0,"texture":"#2","tintindex":0},"up":{"uv":[8.0,6.125,8.5,5.625],"rotation":0,"texture":"#2","tintindex":0},"down":{"uv":[6.25,8.0,6.75,8.5],"rotation":0,"texture":"#2","tintindex":0}}},{"from":[6.287506,7.2869115,6.8599997],"to":[6.858935,8.001197,9.14],"rotation":{"angle":-22.5,"axis":"z","origin":[7.144649,8.001197,8.0]},"faces":{"east":{"uv":[11.375,9.0,10.875,9.125],"rotation":0,"texture":"#2","tintindex":0},"south":{"uv":[0.875,12.875,0.75,13.0],"rotation":0,"texture":"#2","tintindex":0},"north":{"uv":[0.625,12.875,0.5,13.0],"rotation":0,"texture":"#2","tintindex":0},"west":{"uv":[11.375,7.75,10.875,7.875],"rotation":0,"texture":"#2","tintindex":0},"up":{"uv":[5.25,11.375,5.375,10.875],"rotation":0,"texture":"#2","tintindex":0},"down":{"uv":[7.375,10.875,7.5,11.375],"rotation":0,"texture":"#2","tintindex":0}}},{"from":[6.5714283,7.714286,7.428571],"to":[8.285714,8.857143,8.571428],"rotation":{"angle":22.5,"axis":"z","origin":[7.428571,8.571428,8.0]},"faces":{"east":{"uv":[11.75,5.625,11.5,5.875],"rotation":0,"texture":"#2","tintindex":0},"south":{"uv":[5.375,10.0,5.0,10.25],"rotation":0,"texture":"#2","tintindex":0},"north":{"uv":[10.375,3.75,10.0,4.0],"rotation":0,"texture":"#2","tintindex":0},"west":{"uv":[4.875,11.5,4.625,11.75],"rotation":0,"texture":"#2","tintindex":0},"up":{"uv":[5.5,10.25,5.875,10.0],"rotation":0,"texture":"#2","tintindex":0},"down":{"uv":[8.0,10.0,8.375,10.25],"rotation":0,"texture":"#2","tintindex":0}}},{"from":[6.0,5.428571,6.857143],"to":[8.285714,7.714286,9.142858],"rotation":{"angle":0.0,"axis":"y","origin":[10.571428,-5.4285717,8.0]},"faces":{"east":{"uv":[8.0,0.0,7.5,0.5],"rotation":0,"texture":"#2","tintindex":0},"south":{"uv":[7.375,7.375,6.875,7.875],"rotation":0,"texture":"#2","tintindex":0},"north":{"uv":[6.75,7.375,6.25,7.875],"rotation":0,"texture":"#2","tintindex":0},"west":{"uv":[7.875,6.5,7.375,7.0],"rotation":0,"texture":"#2","tintindex":0},"up":{"uv":[7.5,2.375,8.0,1.875],"rotation":0,"texture":"#2","tintindex":0},"down":{"uv":[5.0,7.5,5.5,8.0],"rotation":0,"texture":"#2","tintindex":0}}}],"display":{"head":{"translation":[0.0,-6.4,0.0],"scale":[4.0,4.0,4.0]}}}