{"textures":{"2":"modelengine:entity/fallen_knight_felled"},"elements":[{"from":[6.2637525,6.015973,6.885714],"to":[8.549467,6.5874014,9.171429],"rotation":{"angle":0.0,"axis":"y","origin":[7.1208954,5.9874015,9.857143]},"faces":{"east":{"uv":[10.875,3.0,11.375,3.125],"rotation":0,"texture":"#2","tintindex":0},"south":{"uv":[10.875,3.25,11.375,3.375],"rotation":0,"texture":"#2","tintindex":0},"north":{"uv":[10.875,2.5,11.375,2.625],"rotation":0,"texture":"#2","tintindex":0},"west":{"uv":[10.875,3.5,11.375,3.625],"rotation":0,"texture":"#2","tintindex":0},"up":{"uv":[4.875,7.875,4.375,7.375],"rotation":0,"texture":"#2","tintindex":0},"down":{"uv":[7.875,5.875,7.375,6.375],"rotation":0,"texture":"#2","tintindex":0}}},{"from":[6.3780384,5.251687,6.992857],"to":[8.435182,7.3088303,9.05],"rotation":{"angle":0.0,"axis":"y","origin":[3.9780378,-2.1554556,8.0]},"faces":{"east":{"uv":[7.25,5.25,7.75,5.75],"rotation":0,"texture":"#2","tintindex":0},"south":{"uv":[6.25,2.125,6.75,2.625],"rotation":0,"texture":"#2","tintindex":0},"north":{"uv":[7.25,4.625,7.75,5.125],"rotation":0,"texture":"#2","tintindex":0},"west":{"uv":[1.25,7.375,1.75,7.875],"rotation":0,"texture":"#2","tintindex":0},"up":{"uv":[7.875,3.625,7.375,3.125],"rotation":0,"texture":"#2","tintindex":0},"down":{"uv":[4.25,7.375,3.75,7.875],"rotation":0,"texture":"#2","tintindex":0}}},{"from":[8.435182,7.3088303,9.05],"to":[6.3780384,5.251687,6.992857],"rotation":{"angle":0.0,"axis":"y","origin":[3.9780378,-2.1554556,8.0]},"faces":{"east":{"uv":[1.25,7.875,1.75,7.375],"rotation":0,"texture":"#2","tintindex":0},"south":{"uv":[7.25,5.125,7.75,4.625],"rotation":0,"texture":"#2","tintindex":0},"north":{"uv":[6.25,2.625,6.75,2.125],"rotation":0,"texture":"#2","tintindex":0},"west":{"uv":[7.25,5.75,7.75,5.25],"rotation":0,"texture":"#2","tintindex":0},"up":{"uv":[3.75,7.375,4.25,7.875],"rotation":0,"texture":"#2","tintindex":0},"down":{"uv":[7.375,3.625,7.875,3.125],"rotation":0,"texture":"#2","tintindex":0}}}],"display":{"head":{"translation":[0.0,-6.4,0.0],"scale":[4.0,4.0,4.0]}}}