{"textures":{"0":"modelengine:entity/boneshading_white","2":"modelengine:entity/fallen_knight"},"elements":[{"from":[7.164819,7.273116,7.142857],"to":[8.879105,8.415973,8.857143],"rotation":{"angle":0.0,"axis":"y","origin":[8.021961,7.8445444,8.0]},"faces":{"east":{"uv":[14.5625,0.0,16.0,0.875],"rotation":0,"texture":"#0","tintindex":0},"south":{"uv":[14.5625,0.0,16.0,0.875],"rotation":0,"texture":"#0","tintindex":0},"north":{"uv":[14.5625,0.0,16.0,0.875],"rotation":0,"texture":"#0","tintindex":0},"west":{"uv":[14.5625,0.0,16.0,0.875],"rotation":0,"texture":"#0","tintindex":0},"up":{"uv":[14.5625,0.0,16.0,0.875],"rotation":0,"texture":"#0","tintindex":0},"down":{"uv":[14.5625,0.0,16.0,0.875],"rotation":0,"texture":"#0","tintindex":0}}},{"from":[6.8791046,6.3016872,6.885714],"to":[9.164819,6.873116,9.171429],"rotation":{"angle":0.0,"axis":"y","origin":[8.307676,6.273116,9.857143]},"faces":{"east":{"uv":[2.5,10.375,3.0,10.5],"rotation":0,"texture":"#2","tintindex":0},"south":{"uv":[5.0,10.375,5.5,10.5],"rotation":0,"texture":"#2","tintindex":0},"north":{"uv":[1.625,10.375,2.125,10.5],"rotation":0,"texture":"#2","tintindex":0},"west":{"uv":[10.375,5.25,10.875,5.375],"rotation":0,"texture":"#2","tintindex":0},"up":{"uv":[7.75,1.75,7.25,1.25],"rotation":0,"texture":"#2","tintindex":0},"down":{"uv":[2.375,7.25,1.875,7.75],"rotation":0,"texture":"#2","tintindex":0}}},{"from":[6.99339,5.537401,6.992857],"to":[9.050533,7.5945444,9.05],"rotation":{"angle":0.0,"axis":"y","origin":[11.450533,-1.8697414,8.0]},"faces":{"east":{"uv":[5.5,6.25,6.0,6.75],"rotation":0,"texture":"#2","tintindex":0},"south":{"uv":[6.75,2.125,6.25,2.625],"rotation":0,"texture":"#2","tintindex":0},"north":{"uv":[6.25,2.125,6.75,2.625],"rotation":0,"texture":"#2","tintindex":0},"west":{"uv":[6.5,2.75,7.0,3.25],"rotation":0,"texture":"#2","tintindex":0},"up":{"uv":[7.0,4.75,6.5,4.25],"rotation":0,"texture":"#2","tintindex":0},"down":{"uv":[0.5,6.625,0.0,7.125],"rotation":0,"texture":"#2","tintindex":0}}},{"from":[6.8791046,3.2731156,6.857143],"to":[9.164819,5.5588303,9.142858],"rotation":{"angle":0.0,"axis":"y","origin":[11.450533,-1.8697414,8.0]},"faces":{"east":{"uv":[6.625,5.375,7.125,4.875],"rotation":270,"texture":"#2","tintindex":0},"south":{"uv":[6.625,5.5,7.125,6.0],"rotation":0,"texture":"#2","tintindex":0},"north":{"uv":[6.625,0.625,7.125,1.125],"rotation":0,"texture":"#2","tintindex":0},"west":{"uv":[2.5,6.625,3.0,7.125],"rotation":0,"texture":"#2","tintindex":0},"up":{"uv":[3.625,7.125,3.125,6.625],"rotation":0,"texture":"#2","tintindex":0},"down":{"uv":[7.125,4.875,6.625,5.375],"rotation":0,"texture":"#2","tintindex":0}}},{"from":[8.879105,4.015973,6.285714],"to":[9.450533,5.15883,6.857143],"rotation":{"angle":45.0,"axis":"z","origin":[9.164819,4.5874014,6.5714283]},"faces":{"east":{"uv":[4.25,12.0,4.375,12.25],"rotation":0,"texture":"#2","tintindex":0},"south":{"uv":[8.375,12.0,8.5,12.25],"rotation":0,"texture":"#2","tintindex":0},"north":{"uv":[3.375,12.0,3.5,12.25],"rotation":0,"texture":"#2","tintindex":0},"west":{"uv":[9.375,12.0,9.5,12.25],"rotation":0,"texture":"#2","tintindex":0},"up":{"uv":[12.875,2.375,12.75,2.25],"rotation":0,"texture":"#2","tintindex":0},"down":{"uv":[12.875,2.5,12.75,2.625],"rotation":0,"texture":"#2","tintindex":0}}},{"from":[8.879105,4.015973,6.857143],"to":[9.450533,4.5874014,7.428571],"rotation":{"angle":45.0,"axis":"z","origin":[9.164819,4.5874014,6.5714283]},"faces":{"east":{"uv":[12.75,3.0,12.875,3.125],"rotation":0,"texture":"#2","tintindex":0},"south":{"uv":[3.25,12.75,3.375,12.875],"rotation":0,"texture":"#2","tintindex":0},"north":{"uv":[12.75,2.75,12.875,2.875],"rotation":0,"texture":"#2","tintindex":0},"west":{"uv":[12.75,3.5,12.875,3.625],"rotation":0,"texture":"#2","tintindex":0},"up":{"uv":[12.875,3.875,12.75,3.75],"rotation":0,"texture":"#2","tintindex":0},"down":{"uv":[4.125,12.75,4.0,12.875],"rotation":0,"texture":"#2","tintindex":0}}}],"display":{"head":{"translation":[0.0,-6.4,0.0],"scale":[4.0,4.0,4.0]}}}