{"textures":{"2":"modelengine:entity/fallen_knight"},"elements":[{"from":[6.7658634,6.691503,6.51836],"to":[7.3372917,7.83436,7.089789],"rotation":{"angle":-45.0,"axis":"z","origin":[7.0515776,7.262932,6.8040743]},"faces":{"east":{"uv":[12.125,6.25,12.25,6.5],"rotation":0,"texture":"#2","tintindex":0},"south":{"uv":[6.5,12.125,6.625,12.375],"rotation":0,"texture":"#2","tintindex":0},"north":{"uv":[12.125,5.875,12.25,6.125],"rotation":0,"texture":"#2","tintindex":0},"west":{"uv":[12.125,6.625,12.25,6.875],"rotation":0,"texture":"#2","tintindex":0},"up":{"uv":[1.125,13.0,1.0,12.875],"rotation":0,"texture":"#2","tintindex":0},"down":{"uv":[1.375,12.875,1.25,13.0],"rotation":0,"texture":"#2","tintindex":0}}},{"from":[6.7658634,6.691503,7.089789],"to":[7.3372917,7.262932,7.661217],"rotation":{"angle":-45.0,"axis":"z","origin":[7.0515776,7.262932,6.8040743]},"faces":{"east":{"uv":[1.75,12.875,1.875,13.0],"rotation":0,"texture":"#2","tintindex":0},"south":{"uv":[2.0,12.875,2.125,13.0],"rotation":0,"texture":"#2","tintindex":0},"north":{"uv":[1.5,12.875,1.625,13.0],"rotation":0,"texture":"#2","tintindex":0},"west":{"uv":[2.25,12.875,2.375,13.0],"rotation":0,"texture":"#2","tintindex":0},"up":{"uv":[2.625,13.0,2.5,12.875],"rotation":0,"texture":"#2","tintindex":0},"down":{"uv":[2.875,12.875,2.75,13.0],"rotation":0,"texture":"#2","tintindex":0}}},{"from":[7.0515776,5.9486456,7.089789],"to":[9.337292,8.234361,9.375504],"rotation":{"angle":0.0,"axis":"y","origin":[4.7658634,0.8057885,8.232646]},"faces":{"east":{"uv":[0.625,6.75,1.125,7.25],"rotation":0,"texture":"#2","tintindex":0},"south":{"uv":[7.125,5.5,6.625,6.0],"rotation":0,"texture":"#2","tintindex":0},"north":{"uv":[6.625,5.5,7.125,6.0],"rotation":0,"texture":"#2","tintindex":0},"west":{"uv":[6.625,5.375,7.125,4.875],"rotation":270,"texture":"#2","tintindex":0},"up":{"uv":[4.25,7.25,3.75,6.75],"rotation":0,"texture":"#2","tintindex":0},"down":{"uv":[4.875,6.75,4.375,7.25],"rotation":0,"texture":"#2","tintindex":0}}}],"display":{"head":{"translation":[0.0,-6.4,0.0],"scale":[4.0,4.0,4.0]}}}