{"textures":{"0":"modelengine:entity/skeleton1"},"elements":[{"from":[7.857143,7.5714283,6.285714],"to":[8.142858,8.142858,9.142858],"rotation":{"angle":0.0,"axis":"y","origin":[7.714286,7.5714283,8.571428]},"faces":{"east":{"uv":[1.25,12.25,2.5,12.5],"rotation":0,"texture":"#0","tintindex":0},"south":{"uv":[3.75,12.25,3.75,12.5],"rotation":0,"texture":"#0","tintindex":0},"north":{"uv":[2.5,12.25,2.5,12.5],"rotation":0,"texture":"#0","tintindex":0},"west":{"uv":[2.5,12.25,3.75,12.5],"rotation":0,"texture":"#0","tintindex":0},"up":{"uv":[2.5,12.25,2.5,11.0],"rotation":0,"texture":"#0","tintindex":0},"down":{"uv":[2.5,11.0,2.5,12.25],"rotation":0,"texture":"#0","tintindex":0}}},{"from":[7.9714284,7.5714283,-0.57142925],"to":[8.028571,8.142858,6.285714],"rotation":{"angle":0.0,"axis":"y","origin":[7.714286,7.5714283,5.714286]},"faces":{"east":{"uv":[7.75,15.75,10.75,16.0],"rotation":0,"texture":"#0","tintindex":0},"south":{"uv":[13.75,15.75,13.75,16.0],"rotation":0,"texture":"#0","tintindex":0},"north":{"uv":[10.75,15.75,10.75,16.0],"rotation":0,"texture":"#0","tintindex":0},"west":{"uv":[10.75,15.75,13.75,16.0],"rotation":0,"texture":"#0","tintindex":0},"up":{"uv":[10.75,15.75,10.75,12.75],"rotation":0,"texture":"#0","tintindex":0},"down":{"uv":[10.75,12.75,10.75,15.75],"rotation":0,"texture":"#0","tintindex":0}}},{"from":[7.7714286,7.428571,6.142857],"to":[8.228572,8.285714,6.285714],"rotation":{"angle":0.0,"axis":"y","origin":[7.714286,7.5714283,8.428572]},"faces":{"east":{"uv":[6.75,11.5,6.75,11.75],"rotation":0,"texture":"#0","tintindex":0},"south":{"uv":[6.75,11.5,6.75,11.75],"rotation":0,"texture":"#0","tintindex":0},"north":{"uv":[6.75,11.5,6.75,11.75],"rotation":0,"texture":"#0","tintindex":0},"west":{"uv":[6.75,11.5,6.75,11.75],"rotation":0,"texture":"#0","tintindex":0}}},{"from":[7.857143,7.659018,9.01177],"to":[8.142858,8.230447,9.583199],"rotation":{"angle":-22.5,"axis":"x","origin":[8.0,7.944732,9.297484]},"faces":{"east":{"uv":[3.5,11.25,3.75,11.5],"rotation":0,"texture":"#0","tintindex":0},"south":{"uv":[4.0,11.25,4.0,11.5],"rotation":0,"texture":"#0","tintindex":0},"north":{"uv":[3.75,11.25,3.75,11.5],"rotation":0,"texture":"#0","tintindex":0},"west":{"uv":[3.75,11.25,4.0,11.5],"rotation":0,"texture":"#0","tintindex":0},"up":{"uv":[3.75,11.25,3.75,11.0],"rotation":0,"texture":"#0","tintindex":0},"down":{"uv":[3.75,11.0,3.75,11.25],"rotation":0,"texture":"#0","tintindex":0}}}],"display":{"head":{"translation":[0.0,-6.4,0.0],"scale":[4.0,4.0,4.0]}}}