{"textures":{"2":"modelengine:entity/fallen_knight_felled"},"elements":[{"from":[7.8,4.8273096,12.597111],"to":[8.2,5.227309,13.568541],"rotation":{"angle":-22.5,"axis":"x","origin":[8.0,7.997884,6.5214396]},"faces":{"east":{"uv":[12.25,9.625,12.5,9.75],"rotation":0,"texture":"#2","tintindex":0},"south":{"uv":[13.0,3.75,13.125,3.875],"rotation":0,"texture":"#2","tintindex":0},"north":{"uv":[13.0,3.5,13.125,3.625],"rotation":0,"texture":"#2","tintindex":0},"west":{"uv":[9.875,12.25,10.125,12.375],"rotation":0,"texture":"#2","tintindex":0},"up":{"uv":[10.375,12.5,10.25,12.25],"rotation":0,"texture":"#2","tintindex":0},"down":{"uv":[10.625,12.25,10.5,12.5],"rotation":0,"texture":"#2","tintindex":0}}},{"from":[7.8,10.821251,12.575243],"to":[8.2,11.221251,13.546673],"rotation":{"angle":22.5,"axis":"x","origin":[8.0,7.997884,6.5214396]},"faces":{"east":{"uv":[8.625,12.25,8.875,12.375],"rotation":0,"texture":"#2","tintindex":0},"south":{"uv":[3.25,13.0,3.375,13.125],"rotation":0,"texture":"#2","tintindex":0},"north":{"uv":[13.0,3.0,13.125,3.125],"rotation":0,"texture":"#2","tintindex":0},"west":{"uv":[12.25,8.625,12.5,8.75],"rotation":0,"texture":"#2","tintindex":0},"up":{"uv":[9.125,12.5,9.0,12.25],"rotation":0,"texture":"#2","tintindex":0},"down":{"uv":[9.75,12.25,9.625,12.5],"rotation":0,"texture":"#2","tintindex":0}}},{"from":[7.798857,7.7967405,13.826479],"to":[8.201143,8.199026,14.800194],"rotation":{"angle":0.0,"axis":"y","origin":[8.0,7.997884,6.5214396]},"faces":{"east":{"uv":[12.25,7.0,12.5,7.125],"rotation":0,"texture":"#2","tintindex":0},"south":{"uv":[13.0,2.75,13.125,2.875],"rotation":0,"texture":"#2","tintindex":0},"north":{"uv":[13.0,2.5,13.125,2.625],"rotation":0,"texture":"#2","tintindex":0},"west":{"uv":[7.25,12.25,7.5,12.375],"rotation":0,"texture":"#2","tintindex":0},"up":{"uv":[6.375,12.5,6.25,12.25],"rotation":0,"texture":"#2","tintindex":0},"down":{"uv":[7.75,12.25,7.625,12.5],"rotation":0,"texture":"#2","tintindex":0}}},{"from":[7.6285715,2.7343807,10.756371],"to":[8.3714285,3.7629519,11.784943],"rotation":{"angle":-45.0,"axis":"x","origin":[8.0,7.997884,6.5214396]},"faces":{"east":{"uv":[1.625,11.25,1.875,11.5],"rotation":0,"texture":"#2","tintindex":0},"south":{"uv":[2.75,11.25,3.0,11.5],"rotation":0,"texture":"#2","tintindex":0},"north":{"uv":[11.125,11.125,11.375,11.375],"rotation":0,"texture":"#2","tintindex":0},"west":{"uv":[11.25,4.375,11.5,4.625],"rotation":0,"texture":"#2","tintindex":0},"up":{"uv":[6.75,11.5,6.5,11.25],"rotation":0,"texture":"#2","tintindex":0},"down":{"uv":[7.125,11.25,6.875,11.5],"rotation":0,"texture":"#2","tintindex":0}}},{"from":[7.68,7.6778836,12.564765],"to":[8.32,8.3178835,13.061908],"rotation":{"angle":0.0,"axis":"y","origin":[8.0,7.997884,6.5214396]},"faces":{"east":{"uv":[13.0,1.25,13.125,1.375],"rotation":0,"texture":"#2","tintindex":0},"south":{"uv":[13.0,1.5,13.125,1.625],"rotation":0,"texture":"#2","tintindex":0},"north":{"uv":[13.0,1.0,13.125,1.125],"rotation":0,"texture":"#2","tintindex":0},"west":{"uv":[13.0,1.75,13.125,1.875],"rotation":0,"texture":"#2","tintindex":0},"up":{"uv":[13.125,2.125,13.0,2.0],"rotation":0,"texture":"#2","tintindex":0},"down":{"uv":[13.125,2.25,13.0,2.375],"rotation":0,"texture":"#2","tintindex":0}}},{"from":[7.892857,7.140741,0.31333542],"to":[8.107142,8.855026,8.313336],"rotation":{"angle":0.0,"axis":"y","origin":[8.0,7.997884,6.5214396]},"faces":{"east":{"uv":[3.125,3.75,4.875,4.125],"rotation":0,"texture":"#2","tintindex":0},"south":{"uv":[8.625,11.75,8.75,12.125],"rotation":0,"texture":"#2","tintindex":0},"north":{"uv":[7.5,11.75,7.625,12.125],"rotation":0,"texture":"#2","tintindex":0},"west":{"uv":[4.25,2.625,6.0,3.0],"rotation":0,"texture":"#2","tintindex":0},"up":{"uv":[7.625,10.125,7.5,8.375],"rotation":0,"texture":"#2","tintindex":0},"down":{"uv":[7.875,8.375,7.75,10.125],"rotation":0,"texture":"#2","tintindex":0}}},{"from":[7.89,7.709312,-0.8323784],"to":[8.11,8.286455,0.31619263],"rotation":{"angle":0.0,"axis":"y","origin":[8.0,7.997884,6.5214396]},"faces":{"east":{"uv":[12.375,7.625,12.625,7.75],"rotation":0,"texture":"#2","tintindex":0},"south":{"uv":[13.0,9.625,13.125,9.75],"rotation":0,"texture":"#2","tintindex":0},"north":{"uv":[13.0,9.125,13.125,9.25],"rotation":0,"texture":"#2","tintindex":0},"west":{"uv":[12.375,7.875,12.625,8.0],"rotation":0,"texture":"#2","tintindex":0},"up":{"uv":[8.375,12.625,8.25,12.375],"rotation":0,"texture":"#2","tintindex":0},"down":{"uv":[12.5,8.875,12.375,9.125],"rotation":0,"texture":"#2","tintindex":0}}},{"from":[7.891143,10.649519,-0.60208607],"to":[8.108857,11.1672325,1.1156287],"rotation":{"angle":-22.5,"axis":"x","origin":[8.0,7.997884,6.5214396]},"faces":{"east":{"uv":[11.75,4.875,12.125,5.0],"rotation":0,"texture":"#2","tintindex":0},"south":{"uv":[8.375,13.0,8.5,13.125],"rotation":0,"texture":"#2","tintindex":0},"north":{"uv":[13.0,8.125,13.125,8.25],"rotation":0,"texture":"#2","tintindex":0},"west":{"uv":[11.75,7.0,12.125,7.125],"rotation":0,"texture":"#2","tintindex":0},"up":{"uv":[9.75,12.125,9.625,11.75],"rotation":0,"texture":"#2","tintindex":0},"down":{"uv":[10.0,11.75,9.875,12.125],"rotation":0,"texture":"#2","tintindex":0}}},{"from":[7.892857,4.830249,-0.60037136],"to":[8.107142,5.344534,1.113914],"rotation":{"angle":22.5,"axis":"x","origin":[8.0,7.997884,6.5214396]},"faces":{"east":{"uv":[11.75,8.625,12.125,8.75],"rotation":0,"texture":"#2","tintindex":0},"south":{"uv":[8.625,13.0,8.75,13.125],"rotation":0,"texture":"#2","tintindex":0},"north":{"uv":[13.0,8.375,13.125,8.5],"rotation":0,"texture":"#2","tintindex":0},"west":{"uv":[10.75,11.75,11.125,11.875],"rotation":0,"texture":"#2","tintindex":0},"up":{"uv":[11.375,12.125,11.25,11.75],"rotation":0,"texture":"#2","tintindex":0},"down":{"uv":[11.625,11.75,11.5,12.125],"rotation":0,"texture":"#2","tintindex":0}}},{"from":[7.8945713,13.367092,0.8712411],"to":[8.105429,13.648081,1.1522307],"rotation":{"angle":-45.0,"axis":"x","origin":[8.0,7.997884,6.5214396]},"faces":{"east":{"uv":[7.625,13.0,7.75,13.125],"rotation":270,"texture":"#2","tintindex":0},"south":{"uv":[13.125,8.0,13.0,7.875],"rotation":0,"texture":"#2","tintindex":0},"north":{"uv":[8.25,13.0,8.125,13.125],"rotation":180,"texture":"#2","tintindex":0},"west":{"uv":[7.875,13.0,8.0,13.125],"rotation":90,"texture":"#2","tintindex":0},"up":{"uv":[7.125,13.0,7.25,13.125],"rotation":180,"texture":"#2","tintindex":0},"down":{"uv":[13.0,7.625,13.125,7.75],"rotation":0,"texture":"#2","tintindex":0}}},{"from":[7.8017144,7.7830944,7.345749],"to":[8.198286,8.183726,7.7463813],"rotation":{"angle":-45.0,"axis":"x","origin":[8.0,7.997884,6.5214396]},"faces":{"east":{"uv":[12.625,12.875,12.75,13.0],"rotation":270,"texture":"#2","tintindex":0},"south":{"uv":[13.125,0.625,13.0,0.5],"rotation":0,"texture":"#2","tintindex":0},"north":{"uv":[13.125,0.75,13.0,0.875],"rotation":180,"texture":"#2","tintindex":0},"west":{"uv":[13.0,0.0,13.125,0.125],"rotation":90,"texture":"#2","tintindex":0},"up":{"uv":[12.375,12.875,12.5,13.0],"rotation":180,"texture":"#2","tintindex":0},"down":{"uv":[12.875,12.875,13.0,13.0],"rotation":0,"texture":"#2","tintindex":0}}},{"from":[7.8,8.4264555,7.256193],"to":[8.2,8.997884,8.399051],"rotation":{"angle":0.0,"axis":"y","origin":[8.0,7.997884,6.5214396]},"faces":{"east":{"uv":[12.25,4.875,12.5,5.0],"rotation":0,"texture":"#2","tintindex":0},"south":{"uv":[12.875,12.25,13.0,12.375],"rotation":0,"texture":"#2","tintindex":0},"north":{"uv":[12.125,12.875,12.25,13.0],"rotation":0,"texture":"#2","tintindex":0},"west":{"uv":[5.375,12.25,5.625,12.375],"rotation":0,"texture":"#2","tintindex":0},"up":{"uv":[5.875,12.5,5.75,12.25],"rotation":0,"texture":"#2","tintindex":0},"down":{"uv":[6.125,12.25,6.0,12.5],"rotation":0,"texture":"#2","tintindex":0}}},{"from":[7.8017144,6.7729416,6.335596],"to":[8.198286,7.173574,6.736229],"rotation":{"angle":-45.0,"axis":"x","origin":[8.0,7.997884,6.5214396]},"faces":{"east":{"uv":[10.5,12.875,10.625,13.0],"rotation":0,"texture":"#2","tintindex":0},