{"textures":{"2":"modelengine:entity/fallen_knight_felled"},"elements":[{"from":[8.879105,3.730259,6.285714],"to":[9.450533,4.873116,6.857143],"rotation":{"angle":45.0,"axis":"z","origin":[9.164819,4.3016872,6.5714283]},"faces":{"east":{"uv":[12.25,6.625,12.125,6.875],"rotation":0,"texture":"#2","tintindex":0},"south":{"uv":[6.625,12.125,6.5,12.375],"rotation":0,"texture":"#2","tintindex":0},"north":{"uv":[12.25,5.875,12.125,6.125],"rotation":0,"texture":"#2","tintindex":0},"west":{"uv":[12.25,6.25,12.125,6.5],"rotation":0,"texture":"#2","tintindex":0},"up":{"uv":[1.0,13.0,1.125,12.875],"rotation":0,"texture":"#2","tintindex":0},"down":{"uv":[1.25,12.875,1.375,13.0],"rotation":0,"texture":"#2","tintindex":0}}},{"from":[6.8791046,2.9874015,6.857143],"to":[9.164819,5.273116,9.142858],"rotation":{"angle":0.0,"axis":"y","origin":[11.450533,-2.1554556,8.0]},"faces":{"east":{"uv":[6.625,4.875,7.125,5.375],"rotation":270,"texture":"#2","tintindex":0},"south":{"uv":[6.625,5.5,7.125,6.0],"rotation":0,"texture":"#2","tintindex":0},"north":{"uv":[7.125,5.5,6.625,6.0],"rotation":0,"texture":"#2","tintindex":0},"west":{"uv":[1.125,6.75,0.625,7.25],"rotation":0,"texture":"#2","tintindex":0},"up":{"uv":[3.75,7.25,4.25,6.75],"rotation":0,"texture":"#2","tintindex":0},"down":{"uv":[4.375,6.75,4.875,7.25],"rotation":0,"texture":"#2","tintindex":0}}},{"from":[8.879105,3.730259,6.857143],"to":[9.450533,4.3016872,7.428571],"rotation":{"angle":45.0,"axis":"z","origin":[9.164819,4.3016872,6.5714283]},"faces":{"east":{"uv":[2.375,12.875,2.25,13.0],"rotation":0,"texture":"#2","tintindex":0},"south":{"uv":[2.125,12.875,2.0,13.0],"rotation":0,"texture":"#2","tintindex":0},"north":{"uv":[1.625,12.875,1.5,13.0],"rotation":0,"texture":"#2","tintindex":0},"west":{"uv":[1.875,12.875,1.75,13.0],"rotation":0,"texture":"#2","tintindex":0},"up":{"uv":[2.5,13.0,2.625,12.875],"rotation":0,"texture":"#2","tintindex":0},"down":{"uv":[2.75,12.875,2.875,13.0],"rotation":0,"texture":"#2","tintindex":0}}},{"from":[6.99339,5.251687,6.992857],"to":[9.050533,7.3088303,9.05],"rotation":{"angle":0.0,"axis":"y","origin":[11.450533,-2.1554556,8.0]},"faces":{"east":{"uv":[1.75,7.375,1.25,7.875],"rotation":0,"texture":"#2","tintindex":0},"south":{"uv":[6.75,2.125,6.25,2.625],"rotation":0,"texture":"#2","tintindex":0},"north":{"uv":[7.75,4.625,7.25,5.125],"rotation":0,"texture":"#2","tintindex":0},"west":{"uv":[7.75,5.25,7.25,5.75],"rotation":0,"texture":"#2","tintindex":0},"up":{"uv":[7.375,3.625,7.875,3.125],"rotation":0,"texture":"#2","tintindex":0},"down":{"uv":[3.75,7.375,4.25,7.875],"rotation":0,"texture":"#2","tintindex":0}}},{"from":[6.8791046,6.015973,6.885714],"to":[9.164819,6.5874014,9.171429],"rotation":{"angle":0.0,"axis":"y","origin":[8.307676,5.9874015,9.857143]},"faces":{"east":{"uv":[11.375,3.5,10.875,3.625],"rotation":0,"texture":"#2","tintindex":0},"south":{"uv":[11.375,3.25,10.875,3.375],"rotation":0,"texture":"#2","tintindex":0},"north":{"uv":[11.375,2.5,10.875,2.625],"rotation":0,"texture":"#2","tintindex":0},"west":{"uv":[11.375,3.0,10.875,3.125],"rotation":0,"texture":"#2","tintindex":0},"up":{"uv":[4.375,7.875,4.875,7.375],"rotation":0,"texture":"#2","tintindex":0},"down":{"uv":[7.375,5.875,7.875,6.375],"rotation":0,"texture":"#2","tintindex":0}}},{"from":[9.050533,7.3088303,9.05],"to":[6.99339,5.251687,6.992857],"rotation":{"angle":0.0,"axis":"y","origin":[11.450533,-2.1554556,8.0]},"faces":{"east":{"uv":[7.75,5.75,7.25,5.25],"rotation":0,"texture":"#2","tintindex":0},"south":{"uv":[7.75,5.125,7.25,4.625],"rotation":0,"texture":"#2","tintindex":0},"north":{"uv":[6.75,2.625,6.25,2.125],"rotation":0,"texture":"#2","tintindex":0},"west":{"uv":[1.75,7.875,1.25,7.375],"rotation":0,"texture":"#2","tintindex":0},"up":{"uv":[4.25,7.375,3.75,7.875],"rotation":0,"texture":"#2","tintindex":0},"down":{"uv":[7.875,3.625,7.375,3.125],"rotation":0,"texture":"#2","tintindex":0}}}],"display":{"head":{"translation":[0.0,-6.4,0.0],"scale":[4.0,4.0,4.0]}}}