{"textures":{"0":"modelengine:entity/boneshading_white","2":"modelengine:entity/fallen_knight"},"elements":[{"from":[6.549467,7.273116,7.142857],"to":[8.263753,8.415973,8.857143],"rotation":{"angle":0.0,"axis":"y","origin":[7.4066095,7.8445444,8.0]},"faces":{"east":{"uv":[5.996,2.004,0.004,5.996],"rotation":0,"texture":"#0","tintindex":0},"south":{"uv":[5.996,2.004,0.004,5.996],"rotation":0,"texture":"#0","tintindex":0},"north":{"uv":[5.996,2.004,0.004,5.996],"rotation":0,"texture":"#0","tintindex":0},"west":{"uv":[5.996,2.004,0.004,5.996],"rotation":0,"texture":"#0","tintindex":0},"up":{"uv":[0.004,0.004,5.996,3.996],"rotation":0,"texture":"#0","tintindex":0},"down":{"uv":[0.004,0.004,5.996,3.996],"rotation":0,"texture":"#0","tintindex":0}}},{"from":[6.2637525,6.3016872,6.885714],"to":[8.549467,6.873116,9.171429],"rotation":{"angle":0.0,"axis":"y","origin":[7.1208954,6.273116,9.857143]},"faces":{"east":{"uv":[10.875,3.0,11.375,3.125],"rotation":0,"texture":"#2","tintindex":0},"south":{"uv":[10.875,3.25,11.375,3.375],"rotation":0,"texture":"#2","tintindex":0},"north":{"uv":[10.875,2.5,11.375,2.625],"rotation":0,"texture":"#2","tintindex":0},"west":{"uv":[10.875,3.5,11.375,3.625],"rotation":0,"texture":"#2","tintindex":0},"up":{"uv":[4.875,7.875,4.375,7.375],"rotation":0,"texture":"#2","tintindex":0},"down":{"uv":[7.875,5.875,7.375,6.375],"rotation":0,"texture":"#2","tintindex":0}}},{"from":[6.3780384,5.537401,6.992857],"to":[8.435182,7.5945444,9.05],"rotation":{"angle":0.0,"axis":"y","origin":[3.9780378,-1.8697414,8.0]},"faces":{"east":{"uv":[7.25,5.25,7.75,5.75],"rotation":0,"texture":"#2","tintindex":0},"south":{"uv":[6.25,2.125,6.75,2.625],"rotation":0,"texture":"#2","tintindex":0},"north":{"uv":[7.25,4.625,7.75,5.125],"rotation":0,"texture":"#2","tintindex":0},"west":{"uv":[1.25,7.375,1.75,7.875],"rotation":0,"texture":"#2","tintindex":0},"up":{"uv":[7.875,3.625,7.375,3.125],"rotation":0,"texture":"#2","tintindex":0},"down":{"uv":[4.25,7.375,3.75,7.875],"rotation":0,"texture":"#2","tintindex":0}}}],"display":{"head":{"translation":[0.0,-6.4,0.0],"scale":[4.0,4.0,4.0]}}}