{"textures":{"2":"modelengine:entity/fallen_knight"},"elements":[{"from":[8.086177,4.9927707,6.747346],"to":[8.4861765,5.392771,7.7187743],"rotation":{"angle":-22.5,"axis":"x","origin":[8.286177,8.163345,0.67167425]},"faces":{"east":{"uv":[12.25,9.625,12.5,9.75],"rotation":0,"texture":"#2","tintindex":0},"south":{"uv":[13.0,3.75,13.125,3.875],"rotation":0,"texture":"#2","tintindex":0},"north":{"uv":[13.0,3.5,13.125,3.625],"rotation":0,"texture":"#2","tintindex":0},"west":{"uv":[9.875,12.25,10.125,12.375],"rotation":0,"texture":"#2","tintindex":0},"up":{"uv":[10.375,12.5,10.25,12.25],"rotation":0,"texture":"#2","tintindex":0},"down":{"uv":[10.625,12.25,10.5,12.5],"rotation":0,"texture":"#2","tintindex":0}}},{"from":[8.086177,10.986712,6.725478],"to":[8.4861765,11.386712,7.696907],"rotation":{"angle":22.5,"axis":"x","origin":[8.286177,8.163345,0.67167425]},"faces":{"east":{"uv":[8.625,12.25,8.875,12.375],"rotation":0,"texture":"#2","tintindex":0},"south":{"uv":[3.25,13.0,3.375,13.125],"rotation":0,"texture":"#2","tintindex":0},"north":{"uv":[13.0,3.0,13.125,3.125],"rotation":0,"texture":"#2","tintindex":0},"west":{"uv":[12.25,8.625,12.5,8.75],"rotation":0,"texture":"#2","tintindex":0},"up":{"uv":[9.125,12.5,9.0,12.25],"rotation":0,"texture":"#2","tintindex":0},"down":{"uv":[9.75,12.25,9.625,12.5],"rotation":0,"texture":"#2","tintindex":0}}},{"from":[8.085034,7.962202,7.976714],"to":[8.48732,8.364488,8.950428],"rotation":{"angle":0.0,"axis":"y","origin":[8.286177,8.163345,0.67167425]},"faces":{"east":{"uv":[12.25,7.0,12.5,7.125],"rotation":0,"texture":"#2","tintindex":0},"south":{"uv":[13.0,2.75,13.125,2.875],"rotation":0,"texture":"#2","tintindex":0},"north":{"uv":[13.0,2.5,13.125,2.625],"rotation":0,"texture":"#2","tintindex":0},"west":{"uv":[7.25,12.25,7.5,12.375],"rotation":0,"texture":"#2","tintindex":0},"up":{"uv":[6.375,12.5,6.25,12.25],"rotation":0,"texture":"#2","tintindex":0},"down":{"uv":[7.75,12.25,7.625,12.5],"rotation":0,"texture":"#2","tintindex":0}}},{"from":[7.914748,2.8998423,4.9066057],"to":[8.657605,3.9284134,5.935177],"rotation":{"angle":-45.0,"axis":"x","origin":[8.286177,8.163345,0.67167425]},"faces":{"east":{"uv":[1.625,11.25,1.875,11.5],"rotation":0,"texture":"#2","tintindex":0},"south":{"uv":[2.75,11.25,3.0,11.5],"rotation":0,"texture":"#2","tintindex":0},"north":{"uv":[11.125,11.125,11.375,11.375],"rotation":0,"texture":"#2","tintindex":0},"west":{"uv":[11.25,4.375,11.5,4.625],"rotation":0,"texture":"#2","tintindex":0},"up":{"uv":[6.75,11.5,6.5,11.25],"rotation":0,"texture":"#2","tintindex":0},"down":{"uv":[7.125,11.25,6.875,11.5],"rotation":0,"texture":"#2","tintindex":0}}},{"from":[7.966177,7.843345,6.7149997],"to":[8.606176,8.483345,7.2121425],"rotation":{"angle":0.0,"axis":"y","origin":[8.286177,8.163345,0.67167425]},"faces":{"east":{"uv":[13.0,1.25,13.125,1.375],"rotation":0,"texture":"#2","tintindex":0},"south":{"uv":[13.0,1.5,13.125,1.625],"rotation":0,"texture":"#2","tintindex":0},"north":{"uv":[13.0,1.0,13.125,1.125],"rotation":0,"texture":"#2","tintindex":0},"west":{"uv":[13.0,1.75,13.125,1.875],"rotation":0,"texture":"#2","tintindex":0},"up":{"uv":[13.125,2.125,13.0,2.0],"rotation":0,"texture":"#2","tintindex":0},"down":{"uv":[13.125,2.25,13.0,2.375],"rotation":0,"texture":"#2","tintindex":0}}},{"from":[8.179034,7.306202,-5.5364294],"to":[8.39332,9.020488,2.463571],"rotation":{"angle":0.0,"axis":"y","origin":[8.286177,8.163345,0.67167425]},"faces":{"east":{"uv":[3.125,3.75,4.875,4.125],"rotation":0,"texture":"#2","tintindex":0},"south":{"uv":[8.625,11.75,8.75,12.125],"rotation":0,"texture":"#2","tintindex":0},"north":{"uv":[7.5,11.75,7.625,12.125],"rotation":0,"texture":"#2","tintindex":0},"west":{"uv":[4.25,2.625,6.0,3.0],"rotation":0,"texture":"#2","tintindex":0},"up":{"uv":[7.625,10.125,7.5,8.375],"rotation":0,"texture":"#2","tintindex":0},"down":{"uv":[7.875,8.375,7.75,10.125],"rotation":0,"texture":"#2","tintindex":0}}},{"from":[8.176177,7.8747735,-6.682144],"to":[8.396177,8.451917,-5.533573],"rotation":{"angle":0.0,"axis":"y","origin":[8.286177,8.163345,0.67167425]},"faces":{"east":{"uv":[12.375,7.625,12.625,7.75],"rotation":0,"texture":"#2","tintindex":0},"south":{"uv":[13.0,9.625,13.125,9.75],"rotation":0,"texture":"#2","tintindex":0},"north":{"uv":[13.0,9.125,13.125,9.25],"rotation":0,"texture":"#2","tintindex":0},"west":{"uv":[12.375,7.875,12.625,8.0],"rotation":0,"texture":"#2","tintindex":0},"up":{"uv":[8.375,12.625,8.25,12.375],"rotation":0,"texture":"#2","tintindex":0},"down":{"uv":[12.5,8.875,12.375,9.125],"rotation":0,"texture":"#2","tintindex":0}}},{"from":[8.17732,10.8149805,-6.451852],"to":[8.395034,11.332694,-4.7341366],"rotation":{"angle":-22.5,"axis":"x","origin":[8.286177,8.163345,0.67167425]},"faces":{"east":{"uv":[11.75,4.875,12.125,5.0],"rotation":0,"texture":"#2","tintindex":0},"south":{"uv":[8.375,13.0,8.5,13.125],"rotation":0,"texture":"#2","tintindex":0},"north":{"uv":[13.0,8.125,13.125,8.25],"rotation":0,"texture":"#2","tintindex":0},"west":{"uv":[11.75,7.0,12.125,7.125],"rotation":0,"texture":"#2","tintindex":0},"up":{"uv":[9.75,12.125,9.625,11.75],"rotation":0,"texture":"#2","tintindex":0},"down":{"uv":[10.0,11.75,9.875,12.125],"rotation":0,"texture":"#2","tintindex":0}}},{"from":[8.179034,4.99571,-6.450137],"to":[8.39332,5.5099955,-4.7358513],"rotation":{"angle":22.5,"axis":"x","origin":[8.286177,8.163345,0.67167425]},"faces":{"east":{"uv":[11.75,8.625,12.125,8.75],"rotation":0,"texture":"#2","tintindex":0},"south":{"uv":[8.625,13.0,8.75,13.125],"rotation":0,"texture":"#2","tintindex":0},"north":{"uv":[13.0,8.375,13.125,8.5],"rotation":0,"texture":"#2","tintindex":0},"west":{"uv":[10.75,11.75,11.125,11.875],"rotation":0,"texture":"#2","tintindex":0},"up":{"uv":[11.375,12.125,11.25,11.75],"rotation":0,"texture":"#2","tintindex":0},"down":{"uv":[11.625,11.75,11.5,12.125],"rotation":0,"texture":"#2","tintindex":0}}},{"from":[8.180748,13.532554,-4.978524],"to":[8.391605,13.813543,-4.6975346],"rotation":{"angle":-45.0,"axis":"x","origin":[8.286177,8.163345,0.67167425]},"faces":{"east":{"uv":[7.625,13.0,7.75,13.125],"rotation":270,"texture":"#2","tintindex":0},"south":{"uv":[13.125,8.0,13.0,7.875],"rotation":0,"texture":"#2","tintindex":0},"north":{"uv":[8.25,13.0,8.125,13.125],"rotation":180,"texture":"#2","tintindex":0},"west":{"uv":[7.875,13.0,8.0,13.125],"rotation":90,"texture":"#2","tintindex":0},"up":{"uv":[7.125,13.0,7.25,13.125],"rotation":180,"texture":"#2","tintindex":0},"down":{"uv":[13.0,7.625,13.125,7.75],"rotation":0,"texture":"#2","tintindex":0}}},{"from":[8.087892,7.9485555,1.4959841],"to":[8.484463,8.349188,1.896616],"rotation":{"angle":-45.0,"axis":"x","origin":[8.286177,8.163345,0.67167425]},"faces":{"east":{"uv":[12.625,12.875,12.75,13.0],"rotation":270,"texture":"#2","tintindex":0},"south":{"uv":[13.125,0.625,13.0,0.5],"rotation":0,"texture":"#2","tintindex":0},"north":{"uv":[13.125,0.75,13.0,0.875],"rotation":180,"texture":"#2","tintindex":0},"west":{"uv":[13.0,0.0,13.125,0.125],"rotation":90,"texture":"#2","tintindex":0},"up":{"uv":[12.375,12.875,12.5,13.0],"rotation":180,"texture":"#2","tintindex":0},"down":{"uv":[12.875,12.875,13.0,13.0],"rotation":0,"texture":"#2","tintindex":0}}},{"from":[8.086177,8.591916,1.4064279],"to":[8.4861765,9.163345,2.549285],"rotation":{"angle":0.0,"axis":"y","origin":[8.286177,8.163345,0.67167425]},"faces":{"east":{"uv":[12.25,4.875,12.5,5.0],"rotation":0,"texture":"#2","tintindex":0},"south":{"uv":[12.875,12.25,13.0,12.375],"rotation":0,"texture":"#2","tintindex":0},"north":{"uv":[12.125,12.875,12.25,13.0],"rotation":0,"texture":"#2","tintindex":0},"west":{"uv":[5.375,12.25,5.625,12.375],"rotation":0,"texture":"#2","tintindex":0},"up":{"uv":[5.875,12.5,5.75,12.25],"rotation":0,"texture":"#2","tintindex":0},"down":{"uv":[6.125,12.25,6.0,12.5],"rotation":0,"texture":"#2","tintindex":0}}},{"from":[8.087892,6.938403,0.48583126],"to":[8.484463,7.3390355,0.88646317],"rotation":{"angle":-45.0,"axis":"x",