{"textures":{"0":"modelengine:entity/mso_lavastone_golem"},"elements":[{"from":[6.5714283,6.857143,6.5714283],"to":[9.428572,9.714286,9.428572],"rotation":{"angle":-45.0,"axis":"z","origin":[8.0,8.0,8.0]},"faces":{"east":{"uv":[10.0,13.25,10.625,13.875],"rotation":0,"texture":"#0","tintindex":0},"south":{"uv":[13.25,10.0,13.875,10.625],"rotation":0,"texture":"#0","tintindex":0},"north":{"uv":[13.25,9.25,13.875,9.875],"rotation":0,"texture":"#0","tintindex":0},"west":{"uv":[13.25,10.75,13.875,11.375],"rotation":0,"texture":"#0","tintindex":0},"up":{"uv":[0.625,14.125,0.0,13.5],"rotation":0,"texture":"#0","tintindex":0},"down":{"uv":[1.375,13.5,0.75,14.125],"rotation":0,"texture":"#0","tintindex":0}}},{"from":[5.714286,1.1428566,5.142857],"to":[9.142858,6.857143,10.857143],"rotation":{"angle":0.0,"axis":"y","origin":[8.571428,2.8571424,8.0]},"faces":{"east":{"uv":[8.5,0.0,9.75,1.25],"rotation":0,"texture":"#0","tintindex":0},"south":{"uv":[11.75,2.0,12.5,3.25],"rotation":0,"texture":"#0","tintindex":0},"north":{"uv":[11.5,6.25,12.25,7.5],"rotation":0,"texture":"#0","tintindex":0},"west":{"uv":[8.5,1.25,9.75,2.5],"rotation":0,"texture":"#0","tintindex":0},"up":{"uv":[9.5,13.0,8.75,11.75],"rotation":0,"texture":"#0","tintindex":0},"down":{"uv":[10.25,11.75,9.5,13.0],"rotation":0,"texture":"#0","tintindex":0}}},{"from":[9.142858,3.0,5.142857],"to":[10.857143,6.428571,7.428571],"rotation":{"angle":0.0,"axis":"y","origin":[8.571428,4.714286,8.0]},"faces":{"east":{"uv":[5.0,13.75,5.5,14.5],"rotation":0,"texture":"#0","tintindex":0},"south":{"uv":[14.0,4.0,14.375,4.75],"rotation":0,"texture":"#0","tintindex":0},"north":{"uv":[2.25,14.0,2.625,14.75],"rotation":0,"texture":"#0","tintindex":0},"west":{"uv":[5.5,13.75,6.0,14.5],"rotation":0,"texture":"#0","tintindex":0},"up":{"uv":[14.625,3.25,14.25,2.75],"rotation":0,"texture":"#0","tintindex":0},"down":{"uv":[3.625,14.25,3.25,14.75],"rotation":0,"texture":"#0","tintindex":0}}},{"from":[9.142858,2.8571424,7.428571],"to":[10.857143,4.5714283,9.714286],"rotation":{"angle":0.0,"axis":"y","origin":[8.571428,4.5714283,10.285714]},"faces":{"east":{"uv":[3.75,14.25,4.25,14.625],"rotation":0,"texture":"#0","tintindex":0},"south":{"uv":[11.0,14.25,11.375,14.625],"rotation":0,"texture":"#0","tintindex":0},"north":{"uv":[14.25,8.75,14.625,9.125],"rotation":0,"texture":"#0","tintindex":0},"west":{"uv":[14.25,5.5,14.75,5.875],"rotation":0,"texture":"#0","tintindex":0},"up":{"uv":[6.375,14.75,6.0,14.25],"rotation":0,"texture":"#0","tintindex":0},"down":{"uv":[14.625,6.0,14.25,6.5],"rotation":0,"texture":"#0","tintindex":0}}},{"from":[5.428571,7.714286,7.428571],"to":[6.5714283,8.857143,8.571428],"rotation":{"angle":-45.0,"axis":"z","origin":[6.0,8.285714,8.0]},"faces":{"east":{"uv":[10.25,2.25,10.5,2.5],"rotation":0,"texture":"#0","tintindex":0},"south":{"uv":[10.25,4.5,10.5,4.75],"rotation":0,"texture":"#0","tintindex":0},"north":{"uv":[8.75,10.0,9.0,10.25],"rotation":0,"texture":"#0","tintindex":0},"west":{"uv":[10.5,10.0,10.75,10.25],"rotation":0,"texture":"#0","tintindex":0},"up":{"uv":[11.75,8.5,11.5,8.25],"rotation":0,"texture":"#0","tintindex":0},"down":{"uv":[12.0,4.0,11.75,4.25],"rotation":0,"texture":"#0","tintindex":0}}},{"from":[9.428572,7.714286,7.428571],"to":[10.571428,8.857143,8.571428],"rotation":{"angle":-45.0,"axis":"z","origin":[10.0,8.285714,8.0]},"faces":{"east":{"uv":[10.25,2.25,10.5,2.5],"rotation":0,"texture":"#0","tintindex":0},"south":{"uv":[10.25,4.5,10.5,4.75],"rotation":0,"texture":"#0","tintindex":0},"north":{"uv":[8.75,10.0,9.0,10.25],"rotation":0,"texture":"#0","tintindex":0},"west":{"uv":[10.5,10.0,10.75,10.25],"rotation":0,"texture":"#0","tintindex":0},"up":{"uv":[11.75,8.5,11.5,8.25],"rotation":0,"texture":"#0","tintindex":0},"down":{"uv":[12.0,4.0,11.75,4.25],"rotation":0,"texture":"#0","tintindex":0}}},{"from":[7.428571,7.714286,9.428572],"to":[8.571428,8.857143,10.571428],"rotation":{"angle":45.0,"axis":"z","origin":[8.0,8.285714,10.0]},"faces":{"east":{"uv":[8.75,10.0,9.0,10.25],"rotation":0,"texture":"#0","tintindex":0},"south":{"uv":[10.25,2.25,10.5,2.5],"rotation":0,"texture":"#0","tintindex":0},"north":{"uv":[10.5,10.0,10.75,10.25],"rotation":0,"texture":"#0","tintindex":0},"west":{"uv":[10.25,4.5,10.5,4.75],"rotation":0,"texture":"#0","tintindex":0},"up":{"uv":[11.75,8.5,11.5,8.25],"rotation":90,"texture":"#0","tintindex":0},"down":{"uv":[12.0,4.0,11.75,4.25],"rotation":270,"texture":"#0","tintindex":0}}},{"from":[7.428571,7.714286,5.428571],"to":[8.571428,8.857143,6.5714283],"rotation":{"angle":45.0,"axis":"z","origin":[8.0,8.285714,6.0]},"faces":{"east":{"uv":[8.75,10.0,9.0,10.25],"rotation":0,"texture":"#0","tintindex":0},"south":{"uv":[10.25,2.25,10.5,2.5],"rotation":0,"texture":"#0","tintindex":0},"north":{"uv":[10.5,10.0,10.75,10.25],"rotation":0,"texture":"#0","tintindex":0},"west":{"uv":[10.25,4.5,10.5,4.75],"rotation":0,"texture":"#0","tintindex":0},"up":{"uv":[11.75,8.5,11.5,8.25],"rotation":90,"texture":"#0","tintindex":0},"down":{"uv":[12.0,4.0,11.75,4.25],"rotation":270,"texture":"#0","tintindex":0}}}],"display":{"head":{"translation":[0.0,-6.4,0.0],"scale":[4.0,4.0,4.0]}}}